{"trace_id": "pid-research-import-1-0.847-0.675", "source_identity": "PID9-0cec34-0a4e2d-0bafba-0f4240-004e20-05bcb2-07bf59-05cc0f-069df8", "gpu_device_id": "research-import", "spectra_9d": [0.846900, 0.675373, 0.765882, 0.376610, 0.590139, 0.379919, 0.237455, 0.175010, 0.375986], "field_vector": {"amplitude": 0.675373, "voltage": 0.376610, "current": 0.765882, "frequency": 0.846900, "phase": 0.175010, "flux": 0.375986, "thermal_noise": 0.343348, "field_noise": 0.000000}, "spin_inertia": {"axis_spin": [0.175010, 0.375986, 0.237455], "axis_orientation": [0.000000, 0.343348, 0.488047], "momentum_score": 0.237455, "inertial_mass_proxy": 0.379919, "relativistic_correlation": 0.507737, "relative_temporal_coupling": 0.590139, "temporal_coupling_count": 4}, "coherence": 0.852375, "memory": 0.488047, "nexus": 0.724449, "observed_latency_ms": 829.770100, "request_time_ms": 0.000000, "response_time_ms": 829.770100, "accounting_time_ms": 10.260424, "next_feedback_time_ms": 24.695291, "closed_loop_latency_ms": 1419.917518, "encode_deadline_ms": 1419.917518, "encodable_node_count": 4, "trajectory_9d": [1.443127, 1.995099, 2.157777, 4.354478, 1.511280, 0.791035, 1.000000, 0.705474, 0.693460], "encoded_pulse": [5.189147, 9.755468, 6.702827], "rotational_velocity": [0.434725, 0.768809, 0.812929], "phase_transport": 4.354478, "flux_transport": 1.511280, "observer_factor": 1.000000, "coupling_strength": 0.791035, "coupling_collision_noise": 0.318679, "temporal_dynamics_noise": 0.000000, "reverse_causal_flux_coherence": 1.000000, "zero_point_overlap_score": 0.705474, "constant_phase_alignment": 0.080381, "trajectory_conservation_score": 0.693460, "expansion_factor": 1.300000, "substrate_inertia": 21.155623, "transit_budget_ms": 590.147418, "status": "ready", "calibration_plan": {"minimal_wavelength_step": 0.000001, "trajectory_conservation_score": 0.693460, "zero_point_overlap_score": 0.705474, "reverse_causal_flux_coherence": 1.000000, "sweeps": [{"variable": "frequency", "direction": "left_to_right", "wavelength_step": 0.000001, "predicted_zero_point_overlap": 0.705474, "predicted_constant_phase_alignment": 0.080381}, {"variable": "frequency", "direction": "right_to_left", "wavelength_step": 0.000001, "predicted_zero_point_overlap": 0.670200, "predicted_constant_phase_alignment": 0.076362}, {"variable": "frequency", "direction": "top_to_bottom", "wavelength_step": 0.000001, "predicted_zero_point_overlap": 0.634926, "predicted_constant_phase_alignment": 0.072343}, {"variable": "frequency", "direction": "bottom_to_top", "wavelength_step": 0.000001, "predicted_zero_point_overlap": 0.599653, "predicted_constant_phase_alignment": 0.068324}, {"variable": "amplitude", "direction": "left_to_right", "wavelength_step": 0.000001, "predicted_zero_point_overlap": 0.705474, "predicted_constant_phase_alignment": 0.080381}, {"variable": "amplitude", "direction": "right_to_left", "wavelength_step": 0.000001, "predicted_zero_point_overlap": 0.670200, "predicted_constant_phase_alignment": 0.076362}, {"variable": "amplitude", "direction": "top_to_bottom", "wavelength_step": 0.000001, "predicted_zero_point_overlap": 0.634926, "predicted_constant_phase_alignment": 0.072343}, {"variable": "amplitude", "direction": "bottom_to_top", "wavelength_step": 0.000001, "predicted_zero_point_overlap": 0.599653, "predicted_constant_phase_alignment": 0.068324}, {"variable": "voltage", "direction": "left_to_right", "wavelength_step": 0.000001, "predicted_zero_point_overlap": 0.705474, "predicted_constant_phase_alignment": 0.080381}, {"variable": "voltage", "direction": "right_to_left", "wavelength_step": 0.000001, "predicted_zero_point_overlap": 0.670200, "predicted_constant_phase_alignment": 0.076362}, {"variable": "voltage", "direction": "top_to_bottom", "wavelength_step": 0.000001, "predicted_zero_point_overlap": 0.634926, "predicted_constant_phase_alignment": 0.072343}, {"variable": "voltage", "direction": "bottom_to_top", "wavelength_step": 0.000001, "predicted_zero_point_overlap": 0.599653, "predicted_constant_phase_alignment": 0.068324}, {"variable": "current", "direction": "left_to_right", "wavelength_step": 0.000001, "predicted_zero_point_overlap": 0.705474, "predicted_constant_phase_alignment": 0.080381}, {"variable": "current", "direction": "right_to_left", "wavelength_step": 0.000001, "predicted_zero_point_overlap": 0.670200, "predicted_constant_phase_alignment": 0.076362}, {"variable": "current", "direction": "top_to_bottom", "wavelength_step": 0.000001, "predicted_zero_point_overlap": 0.634926, "predicted_constant_phase_alignment": 0.072343}, {"variable": "current", "direction": "bottom_to_top", "wavelength_step": 0.000001, "predicted_zero_point_overlap": 0.599653, "predicted_constant_phase_alignment": 0.068324}]}}