{
  "run_name": "run_040_silicon_refined_recurrence_conservation",
  "framing": "Toy silicon-lattice pulse/noise-feedback refinement with recurrence and conservation weighting.",
  "silicon_lattice_constant_m": 5.431020511e-10,
  "best_cases": {
    "D_track": {
      "task": "D_track",
      "freq_norm": 0.24,
      "amp_norm": 0.18,
      "volt_norm": 0.36,
      "curr_norm": 0.36,
      "pulse_period_steps": 292,
      "phase_lock_fraction": 0.13714285714285715,
      "lattice_lock_fraction": 0.8757142857142857,
      "joint_lock_fraction": 0.13714285714285715,
      "speed_tracking_score": 0.3798197924991126,
      "curvature_tracking_score": 0.47337361218141905,
      "feedback_to_signal_ratio": 0.30134616998484637,
      "mean_energy_drift": 4.0524926403663347e-07,
      "return_step": 80,
      "return_distance_a": 0.09612466272093205,
      "dominant_recurrence_steps": 266,
      "recurrence_alignment": 0.7518761474408063,
      "conservation_alignment": 0.9999999999973723,
      "composite_score": 0.5256834230611527
    },
    "I_accum": {
      "task": "I_accum",
      "freq_norm": 0.18,
      "amp_norm": 0.18,
      "volt_norm": 0.36,
      "curr_norm": 0.44,
      "pulse_period_steps": 389,
      "phase_lock_fraction": 0.12,
      "lattice_lock_fraction": 0.8471428571428572,
      "joint_lock_fraction": 0.12,
      "speed_tracking_score": 0.38616973252903974,
      "curvature_tracking_score": 0.3953062362486495,
      "feedback_to_signal_ratio": 0.3185960377966311,
      "mean_energy_drift": 4.2895753356726654e-07,
      "return_step": 80,
      "return_distance_a": 0.08078613447796044,
      "dominant_recurrence_steps": 80,
      "recurrence_alignment": 0.8175591009607043,
      "conservation_alignment": 0.9999999999970559,
      "composite_score": 0.5146433510676519
    },
    "L_smooth": {
      "task": "L_smooth",
      "freq_norm": 0.18,
      "amp_norm": 0.18,
      "volt_norm": 0.36,
      "curr_norm": 0.36,
      "pulse_period_steps": 389,
      "phase_lock_fraction": 0.12142857142857143,
      "lattice_lock_fraction": 0.8457142857142858,
      "joint_lock_fraction": 0.12142857142857143,
      "speed_tracking_score": 0.39337267740535914,
      "curvature_tracking_score": 0.3060707036741915,
      "feedback_to_signal_ratio": 0.3520627878995046,
      "mean_energy_drift": 4.385592074806523e-07,
      "return_step": 80,
      "return_distance_a": 0.08026593610176067,
      "dominant_recurrence_steps": 80,
      "recurrence_alignment": 0.8196758582621527,
      "conservation_alignment": 0.9999999999969227,
      "composite_score": 0.5059006938220739
    }
  }
}