{
    "tag":  "I-1_V-1",
    "F":  0.245,
    "A":  0.18,
    "I":  0.33,
    "V":  0.33,
    "score":  0.630432,
    "trap":  0.0871257,
    "coherence":  0.995814,
    "inertia":  0.000533992,
    "curvature":  24.2949
}
