tag,F,A,I,V,actual_silicon_score,predicted_silicon_score,abs_error_silicon_score,actual_trap_ratio,predicted_trap_ratio,actual_coherence,predicted_coherence,actual_inertia,predicted_inertia,actual_curvature,predicted_curvature
V1,0.25,0.19,0.345,0.345,0.712264,0.7123016875,3.7687499999994323E-05,0.274472,0.27454012500000008,0.99691,0.99688881250000017,0.00040916,0.00040955225,16.9378,15.020700000000003
V2,0.24,0.185,0.3075,0.345,0.715544,0.71553431249999988,9.6875000000773426E-06,0.271558,0.27154159375000003,0.996829,0.996834640625,0.000399675,0.00039967787499999989,15.8985,16.374592187500006
V3,0.2475,0.17,0.345,0.315,0.712833,0.71287143750000015,3.8437500000099156E-05,0.274874,0.27494165625000005,0.996942,0.99692053125000013,0.000401885,0.00040253184375000007,16.9577,16.700809375
V4,0.2375,0.175,0.345,0.3375,0.712412,0.71244912499999991,3.7124999999860187E-05,0.276176,0.27624264062500004,0.996943,0.9969219375,0.000402633,0.00040220782812499996,13.8912,15.366267187499998
V5,0.245,0.195,0.315,0.3225,0.715843,0.71583037499999991,1.2625000000099362E-05,0.271724,0.2717019375,0.996858,0.996865546875,0.000409816,0.000410300265625,15.4063,15.874331250000003
V6,0.251,0.168,0.318,0.336,0.714271,0.71425864000000006,1.2359999999933535E-05,0.271369,0.27134751,0.996844,0.99685066,0.000394467,0.00039442519000000006,13.8088,14.645999000000002
V7,0.242,0.188,0.351,0.312,0.713112,0.71307495250000019,3.7047499999776079E-05,0.276361,0.27629322749999996,0.996917,0.996936825,0.000412871,0.00041374526249999996,17.6049,17.5879795
V8,0.246,0.178,0.324,0.354,0.713523,0.7135146525,8.3475000000055033E-06,0.272692,0.2726777725,0.996853,0.99685833499999987,0.00039662,0.00039702700749999996,19.2948,17.426265500000007
