scenario,telemetry_source,sample_count,pulse_cycles,results_match,trace_state_match,speedup_total,speedup_exec_only,substrate_total_avg_ns,substrate_exec_avg_ns,classical_avg_ns,predicted_latency_s,kernel_request_s,pulse_generation_s,kernel_actuation_s,actuation_compensation,throughput_hz,actuation_mode,actuation_applied,dispatch_elapsed_ms_mean,load_hint_mean,device_tag,raw_gpu_util_mean,route_case,result_tag
substrate_microprocess,artifact_encoded,256,8,True,,1.6829795435216928,1.8485025376505608,198881740,181073000,334713900,,,,,,,passive,False,0.0,0.0,,0.0,string_fold,6e472963-b461dde1-7958a892
synthetic_telemetry,synthetic,160,5,True,True,3.500636302412586,5.290160073244487,130519700,86368275,456902000,0.015418717524415069,0.00035666180317806337,0.00020955774669041008,0.00012729725768519242,0.5855153453099242,64.8562371297438,passive,False,0.0,0.0,,0.0,string_fold,ab7a72a7-8936c40b-625f5816
live_telemetry,live_startup,8,3,True,True,2.90718339924873,5.486867172616259,6043100,3201900,17568400,0.008410595782358508,0.00029794405155216344,0.00020267441978691957,0.00012946998808972734,0.8081532883197177,118.89764124647766,vulkan_calibration,True,26.723499999999998,0.26465699277,NVIDIA GeForce RTX 2060,0.0,enum_switch,06d46fc9-9efbd8ab-6ce03820
