{
  "run_name": "run_041b_gpu_like_quantized_local_search",
  "framing": "Practical fine local quantized sweep around run-040 winners using GPU-like control bins for frequency, amplitude, voltage, and current.",
  "silicon_lattice_constant_m": 5.431020511e-10,
  "best_cases": {
    "D_track": {
      "task": "D_track",
      "freq_norm": 0.245,
      "amp_norm": 0.19,
      "volt_norm": 0.35,
      "curr_norm": 0.35,
      "pulse_period_steps": 286,
      "phase_lock_fraction": 0.22857142857142856,
      "lattice_lock_fraction": 0.7928571428571428,
      "joint_lock_fraction": 0.22857142857142856,
      "speed_tracking_score": 0.3862832207688593,
      "curvature_tracking_score": 0.42526358275414267,
      "feedback_to_signal_ratio": 0.40558928325550053,
      "mean_energy_drift": 3.278654256143067e-07,
      "return_step": 50,
      "return_distance_a": 0.061920870184941114,
      "dominant_recurrence_steps": 50,
      "recurrence_alignment": 0.8883945460387681,
      "conservation_alignment": 0.99999999999828,
      "composite_score": 0.5519897833772459
    },
    "I_accum": {
      "task": "I_accum",
      "freq_norm": 0.1775,
      "amp_norm": 0.19,
      "volt_norm": 0.37,
      "curr_norm": 0.45,
      "pulse_period_steps": 394,
      "phase_lock_fraction": 0.15476190476190477,
      "lattice_lock_fraction": 0.7452380952380953,
      "joint_lock_fraction": 0.15476190476190477,
      "speed_tracking_score": 0.39470873017304864,
      "curvature_tracking_score": 0.3301696257109901,
      "feedback_to_signal_ratio": 0.3743262406143748,
      "mean_energy_drift": 3.697476107018332e-07,
      "return_step": 50,
      "return_distance_a": 0.05289863957818157,
      "dominant_recurrence_steps": 50,
      "recurrence_alignment": 0.9172582360635732,
      "conservation_alignment": 0.9999999999978126,
      "composite_score": 0.5132312663552162
    },
    "L_smooth": {
      "task": "L_smooth",
      "freq_norm": 0.175,
      "amp_norm": 0.19,
      "volt_norm": 0.37,
      "curr_norm": 0.37,
      "pulse_period_steps": 400,
      "phase_lock_fraction": 0.0,
      "lattice_lock_fraction": 0.7428571428571429,
      "joint_lock_fraction": 0.0,
      "speed_tracking_score": 0.40229648450423827,
      "curvature_tracking_score": 0.2755731879094044,
      "feedback_to_signal_ratio": 0.4192523236211614,
      "mean_energy_drift": 3.9314544988424316e-07,
      "return_step": 50,
      "return_distance_a": 0.052496211904103585,
      "dominant_recurrence_steps": 50,
      "recurrence_alignment": 0.9184597757945046,
      "conservation_alignment": 0.999999999997527,
      "composite_score": 0.4510381924859674
    }
  }
}