{"trace_id": "pid-research-import-0-0.847-0.660", "source_identity": "PID9-0ceb43-0a10b8-0bc0dc-0a0e22-002710-05611a-0808e1-05bc75-066404", "gpu_device_id": "research-import", "spectra_9d": [0.846659, 0.659640, 0.770268, 0.380998, 0.558249, 0.375925, 0.254020, 0.141832, 0.352538], "field_vector": {"amplitude": 0.659640, "voltage": 0.380998, "current": 0.770268, "frequency": 0.846659, "phase": 0.141832, "flux": 0.352538, "thermal_noise": 0.335979, "field_noise": 0.000000}, "spin_inertia": {"axis_spin": [0.141832, 0.352538, 0.254020], "axis_orientation": [0.000000, 0.335979, 0.482707], "momentum_score": 0.254020, "inertial_mass_proxy": 0.375925, "relativistic_correlation": 0.526561, "relative_temporal_coupling": 0.558249, "temporal_coupling_count": 4}, "coherence": 0.860944, "memory": 0.482707, "nexus": 0.719315, "observed_latency_ms": 785.928100, "request_time_ms": 0.000000, "response_time_ms": 785.928100, "accounting_time_ms": 10.003782, "next_feedback_time_ms": 23.474514, "closed_loop_latency_ms": 823.722151, "encode_deadline_ms": 823.722151, "encodable_node_count": 4, "trajectory_9d": [1.348339, 1.906689, 2.090112, 4.156388, 1.490110, 0.750092, 1.000000, 0.693974, 0.689416], "encoded_pulse": [4.235893, 8.735484, 6.670468], "rotational_velocity": [0.377544, 0.696416, 0.761120], "phase_transport": 4.156388, "flux_transport": 1.490110, "observer_factor": 1.000000, "coupling_strength": 0.750092, "coupling_collision_noise": 0.260273, "temporal_dynamics_noise": 0.000000, "reverse_causal_flux_coherence": 1.000000, "zero_point_overlap_score": 0.693974, "constant_phase_alignment": 0.068248, "trajectory_conservation_score": 0.689416, "expansion_factor": 1.300000, "substrate_inertia": 19.866545, "transit_budget_ms": 37.794051, "status": "ready", "calibration_plan": {"minimal_wavelength_step": 0.000001, "trajectory_conservation_score": 0.689416, "zero_point_overlap_score": 0.693974, "reverse_causal_flux_coherence": 1.000000, "sweeps": [{"variable": "frequency", "direction": "left_to_right", "wavelength_step": 0.000001, "predicted_zero_point_overlap": 0.693974, "predicted_constant_phase_alignment": 0.068248}, {"variable": "frequency", "direction": "right_to_left", "wavelength_step": 0.000001, "predicted_zero_point_overlap": 0.659275, "predicted_constant_phase_alignment": 0.064835}, {"variable": "frequency", "direction": "top_to_bottom", "wavelength_step": 0.000001, "predicted_zero_point_overlap": 0.624576, "predicted_constant_phase_alignment": 0.061423}, {"variable": "frequency", "direction": "bottom_to_top", "wavelength_step": 0.000001, "predicted_zero_point_overlap": 0.589878, "predicted_constant_phase_alignment": 0.058011}, {"variable": "amplitude", "direction": "left_to_right", "wavelength_step": 0.000001, "predicted_zero_point_overlap": 0.693974, "predicted_constant_phase_alignment": 0.068248}, {"variable": "amplitude", "direction": "right_to_left", "wavelength_step": 0.000001, "predicted_zero_point_overlap": 0.659275, "predicted_constant_phase_alignment": 0.064835}, {"variable": "amplitude", "direction": "top_to_bottom", "wavelength_step": 0.000001, "predicted_zero_point_overlap": 0.624576, "predicted_constant_phase_alignment": 0.061423}, {"variable": "amplitude", "direction": "bottom_to_top", "wavelength_step": 0.000001, "predicted_zero_point_overlap": 0.589878, "predicted_constant_phase_alignment": 0.058011}, {"variable": "voltage", "direction": "left_to_right", "wavelength_step": 0.000001, "predicted_zero_point_overlap": 0.693974, "predicted_constant_phase_alignment": 0.068248}, {"variable": "voltage", "direction": "right_to_left", "wavelength_step": 0.000001, "predicted_zero_point_overlap": 0.659275, "predicted_constant_phase_alignment": 0.064835}, {"variable": "voltage", "direction": "top_to_bottom", "wavelength_step": 0.000001, "predicted_zero_point_overlap": 0.624576, "predicted_constant_phase_alignment": 0.061423}, {"variable": "voltage", "direction": "bottom_to_top", "wavelength_step": 0.000001, "predicted_zero_point_overlap": 0.589878, "predicted_constant_phase_alignment": 0.058011}, {"variable": "current", "direction": "left_to_right", "wavelength_step": 0.000001, "predicted_zero_point_overlap": 0.693974, "predicted_constant_phase_alignment": 0.068248}, {"variable": "current", "direction": "right_to_left", "wavelength_step": 0.000001, "predicted_zero_point_overlap": 0.659275, "predicted_constant_phase_alignment": 0.064835}, {"variable": "current", "direction": "top_to_bottom", "wavelength_step": 0.000001, "predicted_zero_point_overlap": 0.624576, "predicted_constant_phase_alignment": 0.061423}, {"variable": "current", "direction": "bottom_to_top", "wavelength_step": 0.000001, "predicted_zero_point_overlap": 0.589878, "predicted_constant_phase_alignment": 0.058011}]}}